model,system_cost
DCOPF,1.3101636295110062e7
Congestion Management,3.161689009899352e6
Congestion Management (PtG),3.1034491306259446e6
