model,system_cost
DCOPF,1.1981557012029016e7
Economic Dispatch,1.0273159148232343e7
Congestion Management,2.8097228076372696e6
Congestion Management (PtG),2.7284031889609266e6
