model,system_cost
DCOPF,1.0687868250969497e7
Economic Dispatch,1.025207404891233e7
Congestion Management,792971.7055760865
Congestion Management (PtG),767867.8278094276
