model,system_cost
DCOPF,1.2935345058995236e7
Economic Dispatch,1.108015881329988e7
Congestion Management,3.1135604308269206e6
Congestion Management (PtG),3.059988870925358e6
