parameter,value
Total system costs,3.167772261931092e6
P_up,41247.454976546665
P_dn,837.8088909457922
P_R_up,0.0
P_R_dn,40409.64608560087
