parameter,value
Total system costs,3.161689009899352e6
P_up,41239.509346360544
P_dn,837.808890945792
P_R_up,0.0
P_R_dn,40401.70045541477
