parameter,value
Total system costs,3.253457636499983e6
P_up,42581.81279680675
P_dn,843.0046761708076
P_R_up,0.0
P_R_dn,41738.808120635935
