parameter,value
Total system costs,3.0560980425093975e6
P_up,40599.068306457586
P_dn,837.8088909457927
P_R_up,0.0
P_R_dn,39761.259415511806
