parameter,value
Total system costs,3.3790830356174163e6
P_up,42691.60422045018
P_dn,907.8257785791402
P_R_up,0.0
P_R_dn,41783.77844187098
