parameter,value
Total system costs,3.1135604308269206e6
P_up,40882.0080740801
P_dn,837.8088909457931
P_R_up,0.0
P_R_dn,40044.1991831344
