parameter,value
Total system costs,3.147320207639519e6
P_up,41118.08461557335
P_dn,837.8088909457921
P_R_up,0.0
P_R_dn,40280.27572462754
