parameter,value
Total system costs,3.165744994515299e6
P_up,41239.50934636055
P_dn,837.8088909457919
P_R_up,0.0
P_R_dn,40401.70045541477
