parameter,value
Total system costs,3.3166387184319273e6
P_up,42608.16260491926
P_dn,849.7873336932165
P_R_up,0.0
P_R_dn,41758.37527122598
