parameter,value
Total system costs,2.936679579964494e6
P_up,39140.070185985576
P_dn,837.8088909457921
P_R_up,0.0
P_R_dn,38302.26129503991
