parameter,value
Total system costs,3.201866990324822e6
P_up,42501.076539354435
P_dn,843.004676170808
P_R_up,0.0
P_R_dn,41658.07186318357
