parameter,value
Total system costs,3.1777782161874115e6
P_up,41339.98048784705
P_dn,843.0046761708069
P_R_up,0.0
P_R_dn,40496.97581167626
