parameter,value
Total system costs,2.630840827077155e6
P_up,37694.632823487394
P_dn,866.4852519457911
P_R_up,0.0
P_R_dn,27678.30184827805
P_syn,3932.587822222712
D_PtG,13082.433545486254
L_syn,311916.52206923004
