parameter,value
Total system costs,3.1622101489531714e6
P_up,37644.32599431356
P_dn,849.7873336932129
P_R_up,0.0
P_R_dn,25138.621408338586
P_syn,4976.559840965848
D_PtG,16632.47709324758
L_syn,249709.00372297523
