parameter,value
Total system costs,3.0075672674176577e6
P_up,39791.47914669237
P_dn,837.8088909457911
P_R_up,0.0
P_R_dn,36707.32489220095
P_syn,966.3911403812118
D_PtG,3212.7365039269002
L_syn,174986.31960346893
