parameter,value
Total system costs,3.14732725738411e6
P_up,38097.69833190207
P_dn,843.0046761708053
P_R_up,0.0
P_R_dn,26697.348058289586
P_syn,4508.491027496035
D_PtG,15065.836624937732
L_syn,249465.4284529836
