parameter,value
Total system costs,3.108328882921023e6
P_up,38088.27686470339
P_dn,837.8088909457911
P_R_up,0.0
P_R_dn,29532.613580219375
P_syn,3317.9800924593146
D_PtG,11035.834485997555
L_syn,148136.27226996166
