parameter,value
Total system costs,3.1200351060046363e6
P_up,38061.09898648874
P_dn,843.0046761708069
P_R_up,0.0
P_R_dn,28355.460283930395
P_syn,3808.649009735725
D_PtG,12671.283036123245
L_syn,288915.5355090411
