parameter,value
Total system costs,3.1147884016935322e6
P_up,38113.92478426611
P_dn,843.004676170807
P_R_up,0.0
P_R_dn,29431.85642419969
P_syn,3369.281629608753
D_PtG,11208.345313504406
L_syn,130762.31271032336
