parameter,value
Total system costs,3.127858958645292e6
P_up,38699.107389238656
P_dn,843.0046761708068
P_R_up,0.0
P_R_dn,28882.14756583287
P_syn,3835.954043929063
D_PtG,12809.909191164033
L_syn,158222.38077931348
