parameter,value
Total system costs,2.8964668759305235e6
P_up,38390.97343584319
P_dn,837.8088909457911
P_R_up,0.0
P_R_dn,35308.65659837282
P_syn,965.6006726467978
D_PtG,3210.108619171533
L_syn,126071.76968988763
