parameter,value
Total system costs,3.090561440151897e6
P_up,40310.44300557617
P_dn,837.808890945791
P_R_up,0.0
P_R_dn,37226.16683219432
P_syn,966.4435906132182
D_PtG,3212.910873049262
L_syn,81989.22258795063
