parameter,value
Total system costs,3.1034491306259446e6
P_up,40075.23980140921
P_dn,837.8088909457912
P_R_up,0.0
P_R_dn,36161.10752986822
P_syn,1323.0715255673292
D_PtG,4399.394906162579
L_syn,218439.95778090437
