parameter,value
Total system costs,3.1755947417851132e6
P_up,37724.547954464186
P_dn,907.8257785791401
P_R_up,0.0
P_R_dn,25151.32299366107
P_syn,4979.779496346073
D_PtG,16645.178678570057
L_syn,264064.58600532194
