parameter,value
Total system costs,3.1069419926939e6
P_up,40075.23980140921
P_dn,837.8088909457913
P_R_up,0.0
P_R_dn,36161.10752986823
P_syn,1323.0715255673294
D_PtG,4399.394906162578
L_syn,114687.47211100896
