parameter,value
Total system costs,9.846993800716445e6
P_up,41407.77987068686
P_dn,5545.5222895249735
P_R_up,0.0
P_R_dn,34075.86890582614
P_syn,768.5150365288804
D_PtG,2554.903711864632
L_syn,116304.27980509015
