parameter,value
Total system costs,3.059988870925358e6
P_up,40074.366464082945
P_dn,837.8088909457907
P_R_up,0.0
P_R_dn,36990.09029070117
P_syn,966.4435906132172
D_PtG,3212.910873049259
L_syn,177124.6067871264
