parameter,value
Total system costs,3.0998389723908766e6
P_up,40416.61070012069
P_dn,837.808890945791
P_R_up,0.0
P_R_dn,37332.30570401713
P_syn,966.455990319613
D_PtG,3212.952095477436
L_syn,145094.7821875291
