model,system_cost
DCOPF,1.3567251756231012e7
Economic Dispatch,1.160129123107465e7
Congestion Management,3.253457636499983e6
Congestion Management (PtG),3.14732725738411e6
