model,system_cost
DCOPF,1.1563537320948102e7
Economic Dispatch,1.1084874461859336e7
Congestion Management,881227.2730522779
Congestion Management (PtG),866908.1198698721
